{
  "mean_rank": 1200.349,
  "hits@k": {
    "1": 0.0,
    "3": 0.11133333333333334,
    "5": 0.18558333333333332,
    "10": 0.28091666666666665
  }
}