{
  "mean_rank": 2046.7236666666668,
  "hits@k": {
    "1": 0.017666666666666667,
    "3": 0.060833333333333336,
    "5": 0.08616666666666667,
    "10": 0.1325
  }
}