{
  "mean_rank": 985.1155,
  "hits@k": {
    "1": 0.0265,
    "3": 0.09908333333333333,
    "5": 0.14208333333333334,
    "10": 0.217
  }
}